Complexity,Loss,Equation
1,0.0467577,"0.07717372"
3,1.3274826e-16,"x_t * 0.3"
7,1.267461e-16,"(x_t * 0.057639573) + (x_t * 0.24236043)"
